{
  "GET_Breakdown-Summary" : {
    "transaction" : "GET_Breakdown-Summary",
    "sampleCount" : 20,
    "errorCount" : 11,
    "errorPct" : 55.0,
    "meanResTime" : 411.99999999999994,
    "minResTime" : 153.0,
    "maxResTime" : 940.0,
    "pct1ResTime" : 904.6000000000001,
    "pct2ResTime" : 938.6999999999999,
    "pct3ResTime" : 940.0,
    "throughput" : 1.1689070718877848,
    "receivedKBytesPerSec" : 1.0964211353009936,
    "sentKBytesPerSec" : 0.38468914377556984
  },
  "POST_Token" : {
    "transaction" : "POST_Token",
    "sampleCount" : 20,
    "errorCount" : 0,
    "errorPct" : 0.0,
    "meanResTime" : 6915.2,
    "minResTime" : 2625.0,
    "maxResTime" : 10203.0,
    "pct1ResTime" : 10109.4,
    "pct2ResTime" : 10198.85,
    "pct3ResTime" : 10203.0,
    "throughput" : 0.7188039102932721,
    "receivedKBytesPerSec" : 0.5353474630714491,
    "sentKBytesPerSec" : 0.28920626078205863
  },
  "GET_Totals" : {
    "transaction" : "GET_Totals",
    "sampleCount" : 20,
    "errorCount" : 11,
    "errorPct" : 55.0,
    "meanResTime" : 634.55,
    "minResTime" : 180.0,
    "maxResTime" : 1138.0,
    "pct1ResTime" : 1122.1,
    "pct2ResTime" : 1137.25,
    "pct3ResTime" : 1138.0,
    "throughput" : 1.1320541121865626,
    "receivedKBytesPerSec" : 0.3311589934623875,
    "sentKBytesPerSec" : 0.3615055612158261
  },
  "GET_Scheduled-Messages-Summary" : {
    "transaction" : "GET_Scheduled-Messages-Summary",
    "sampleCount" : 20,
    "errorCount" : 11,
    "errorPct" : 55.0,
    "meanResTime" : 195.25000000000006,
    "minResTime" : 143.0,
    "maxResTime" : 268.0,
    "pct1ResTime" : 262.0,
    "pct2ResTime" : 267.7,
    "pct3ResTime" : 268.0,
    "throughput" : 1.1610356437942646,
    "receivedKBytesPerSec" : 0.2994428843027981,
    "sentKBytesPerSec" : 0.39116923545802856
  },
  "Total" : {
    "transaction" : "Total",
    "sampleCount" : 100,
    "errorCount" : 44,
    "errorPct" : 44.0,
    "meanResTime" : 1698.8900000000006,
    "minResTime" : 143.0,
    "maxResTime" : 10203.0,
    "pct1ResTime" : 8922.100000000022,
    "pct2ResTime" : 9932.8,
    "pct3ResTime" : 10202.17,
    "throughput" : 2.7294811256380163,
    "receivedKBytesPerSec" : 1.9466744684335509,
    "sentKBytesPerSec" : 0.9409246458498239
  },
  "Dashboard_GET_Requests" : {
    "transaction" : "Dashboard_GET_Requests",
    "sampleCount" : 20,
    "errorCount" : 11,
    "errorPct" : 55.0,
    "meanResTime" : 1579.25,
    "minResTime" : 810.0,
    "maxResTime" : 2486.0,
    "pct1ResTime" : 2383.9,
    "pct2ResTime" : 2480.95,
    "pct3ResTime" : 2486.0,
    "throughput" : 1.0930156301235108,
    "receivedKBytesPerSec" : 3.083659672505192,
    "sentKBytesPerSec" : 1.4441895972237404
  },
  "GetToken" : {
    "transaction" : "GetToken",
    "sampleCount" : 20,
    "errorCount" : 0,
    "errorPct" : 0.0,
    "meanResTime" : 6915.199999999999,
    "minResTime" : 2625.0,
    "maxResTime" : 10203.0,
    "pct1ResTime" : 10109.4,
    "pct2ResTime" : 10198.85,
    "pct3ResTime" : 10203.0,
    "throughput" : 0.7170257770766859,
    "receivedKBytesPerSec" : 0.5340231532104829,
    "sentKBytesPerSec" : 0.28849083999569786
  },
  "GET_Scheduled-Defects-Summary" : {
    "transaction" : "GET_Scheduled-Defects-Summary",
    "sampleCount" : 20,
    "errorCount" : 11,
    "errorPct" : 55.0,
    "meanResTime" : 337.45,
    "minResTime" : 143.0,
    "maxResTime" : 791.0,
    "pct1ResTime" : 765.5000000000002,
    "pct2ResTime" : 790.35,
    "pct3ResTime" : 791.0,
    "throughput" : 1.1614401858304297,
    "receivedKBytesPerSec" : 1.5479819976771196,
    "sentKBytesPerSec" : 0.39017131242741
  }
}